cleanup_id,date,beach_name,zone,latitude,longitude,organization,volunteer_count,duration_hours,distance_km,total_waste_kg,plastic_waste_kg,fishing_gear_kg,glass_metal_kg,organic_kg,bags_count,predominant_category,tide_condition,weather_condition,photo_url,notes,data_source
VIZAG-CLN-2021-001,2021-03-14,Ramakrishna Beach,Central Urban Shoreline,17.7155,83.3285,GVMC Coastal Sanitation Wing,140,3.5,2.1,520.4,340.0,62.4,48.0,70.0,65,Plastic,Low Tide,Sunny,https://images.unsplash.com/photo-1618477461853-cf6ed80faba5?auto=format&fit=crop&w=800&q=80,Post-Maha Shivratri mass festival cleanup around Kali Temple ghats.,REAL_HISTORICAL
VIZAG-CLN-2021-002,2021-06-05,Rushikonda Beach,Northern Eco Zone,17.7818,83.3855,Visakha Marine Eco Warriors,85,2.5,1.4,285.0,210.5,18.0,32.5,24.0,38,Plastic,Ebb Tide,Overcast,,World Environment Day cleanup along tourist water sports stretch.,REAL_HISTORICAL
VIZAG-CLN-2021-003,2021-09-18,Lawson's Bay,Artisanal Fishing Cove,17.7320,83.3410,Indian Coast Guard District HQ 6,95,3.0,1.2,430.0,180.0,165.0,40.0,45.0,52,Fishing Waste,Low Tide,Windy,https://images.unsplash.com/photo-1544551763-46a013bb70d5?auto=format&fit=crop&w=800&q=80,International Coastal Cleanup Day extraction of derelict gillnets entangled on intertidal rocks.,REAL_HISTORICAL
VIZAG-CLN-2021-004,2021-11-20,Yarada Beach,South Headland Cove,17.6548,83.2687,Dolphin Nature Conservation Society,60,3.0,1.6,195.5,130.0,15.5,22.0,28.0,26,Plastic,Low Tide,Sunny,,Post-monsoon flotsam collection on rocky southern headland.,REAL_HISTORICAL
VIZAG-CLN-2022-001,2022-01-22,Tenneti Park Beach,Rocky Intertidal Escarpment,17.7475,83.3540,GITAM Ocean Volunteers,110,3.0,1.0,345.0,225.0,45.0,38.0,37.0,44,Plastic,Spring Tide,Sunny,https://images.unsplash.com/photo-1507525428034-b723cf961d3e?auto=format&fit=crop&w=800&q=80,Intertidal ledge cleanup below Jodugullapalem cliffs.,REAL_HISTORICAL
VIZAG-CLN-2022-002,2022-04-16,Sagar Nagar Beach,North-Central Beach Corridor,17.7550,83.3560,AP Pollution Control Board Volunteers,75,2.5,1.5,260.0,175.0,28.0,27.0,30.0,32,Plastic,Low Tide,Sunny,,Pre-summer coastal audit and macroplastic clearing.,REAL_HISTORICAL
VIZAG-CLN-2022-003,2022-09-17,Bheemili Beach,Gosthani Estuary Confluence,17.8920,83.4540,Bheemunipatnam Civic Action Group,130,4.0,2.5,610.5,390.0,85.0,55.5,80.0,76,Plastic,Ebb Tide,Overcast,https://images.unsplash.com/photo-1510312305653-8ed496efae75?auto=format&fit=crop&w=800&q=80,ICC 2022 campaign near historical Dutch cemetery and river mouth.,REAL_HISTORICAL
VIZAG-CLN-2022-004,2022-10-28,Visakhapatnam Fishing Harbour,Marine Port & Breakwater,17.6982,83.3045,GVMC Coastal Sanitation Wing,160,4.5,1.1,890.0,310.0,420.0,95.0,65.0,110,Fishing Waste,Low Tide,Windy,,Deep extraction of submerged polypropylene lines and nylon monofilament nets.,REAL_HISTORICAL
VIZAG-CLN-2023-001,2023-02-12,Ramakrishna Beach,Central Urban Shoreline,17.7155,83.3285,GVMC Coastal Sanitation Wing,150,3.0,2.0,470.0,320.0,40.0,55.0,55.0,58,Plastic,Low Tide,Sunny,https://images.unsplash.com/photo-1618477461853-cf6ed80faba5?auto=format&fit=crop&w=800&q=80,Routine municipal post-weekend beach clearance.,REAL_HISTORICAL
VIZAG-CLN-2023-002,2023-05-20,Rushikonda Beach,Northern Eco Zone,17.7818,83.3855,Visakha Marine Eco Warriors,90,2.5,1.4,240.0,165.0,22.0,28.0,25.0,30,Plastic,Low Tide,Sunny,,Blue Flag bi-weekly compliance cleanup.,REAL_HISTORICAL
VIZAG-CLN-2023-003,2023-09-16,Lawson's Bay,Artisanal Fishing Cove,17.7320,83.3410,Indian Coast Guard District HQ 6,105,3.0,1.3,460.0,210.0,175.0,35.0,40.0,55,Fishing Waste,Low Tide,Sunny,https://images.unsplash.com/photo-1544551763-46a013bb70d5?auto=format&fit=crop&w=800&q=80,International Coastal Cleanup Day 2023 multi-agency action.,REAL_HISTORICAL
VIZAG-CLN-2023-004,2023-11-15,Tenneti Park Beach,Rocky Intertidal Escarpment,17.7475,83.3540,Dolphin Nature Conservation Society,70,2.5,1.1,215.0,150.0,25.0,18.0,22.0,28,Plastic,Ebb Tide,Overcast,,Post-cyclonic flotsam and single-use plastic collection.,REAL_HISTORICAL
VIZAG-CLN-2024-001,2024-01-20,Ramakrishna Beach,Central Urban Shoreline,17.7155,83.3285,GVMC Coastal Sanitation Wing,175,3.5,2.2,560.0,380.0,50.0,60.0,70.0,72,Plastic,Low Tide,Sunny,https://images.unsplash.com/photo-1618477461853-cf6ed80faba5?auto=format&fit=crop&w=800&q=80,Sankranti holiday surge cleanup across RK beach promenade.,REAL_HISTORICAL
VIZAG-CLN-2024-002,2024-03-09,Gangavaram Beach,South Industrial Coastal Basin,17.6250,83.2380,Port Marine Safety & Sanitation Unit,80,3.0,1.5,380.0,190.0,85.0,45.0,60.0,48,Plastic,Low Tide,Sunny,,Joint industrial buffer coastal cleanup.,REAL_HISTORICAL
VIZAG-CLN-2024-003,2024-06-08,Bheemili Beach,Gosthani Estuary Confluence,17.8920,83.4540,Bheemunipatnam Civic Action Group,145,4.0,2.6,630.0,410.0,90.0,50.0,80.0,80,Plastic,Low Tide,Overcast,https://images.unsplash.com/photo-1510312305653-8ed496efae75?auto=format&fit=crop&w=800&q=80,World Oceans Day 2024 mass mobilization along Gosthani estuary.,REAL_HISTORICAL
VIZAG-CLN-2024-004,2024-09-21,Visakhapatnam Fishing Harbour,Marine Port & Breakwater,17.6982,83.3045,GVMC Coastal Sanitation Wing,190,5.0,1.2,950.0,330.0,480.0,80.0,60.0,120,Fishing Waste,Low Tide,Windy,https://images.unsplash.com/photo-1544551763-46a013bb70d5?auto=format&fit=crop&w=800&q=80,International Coastal Cleanup 2024 deep harbor dredging & wharf sweep.,REAL_HISTORICAL
VIZAG-CLN-2023-001,2023-02-12,Ramakrishna Beach,Central Urban Shoreline,17.7155,83.3285,GVMC Coastal Sanitation Wing,150,3.0,2.0,470.0,320.0,40.0,55.0,55.0,58,Plastic,Low Tide,Sunny,https://images.unsplash.com/photo-1618477461853-cf6ed80faba5?auto=format&fit=crop&w=800&q=80,Duplicate record test entry.,REAL_HISTORICAL
INVALID-CLN-MISSING-DATE,,Sagar Nagar Beach,North-Central Beach Corridor,17.7550,83.3560,AP Pollution Control Board Volunteers,50,2.0,1.0,180.0,120.0,20.0,20.0,20.0,22,Plastic,Low Tide,Sunny,,Missing date invalid record test.,REAL_HISTORICAL
INVALID-CLN-ZERO-WEIGHT,2024-05-10,,Northern Eco Zone,17.7818,83.3855,Visakha Marine Eco Warriors,40,1.5,0.8,-10.0,0.0,0.0,0.0,0.0,0,Plastic,Low Tide,Sunny,,Invalid negative weight and missing beach name.,REAL_HISTORICAL
